ya,107.07070707070707
know,86.86868686868688
gonna,85.85858585858585
need,62.62626262626263
world,61.61616161616161
could,61.61616161616161
heart,58.58585858585859
little,54.54545454545454
around,54.54545454545454
play,52.52525252525253
way,49.494949494949495
something,49.494949494949495
thing,48.484848484848484
good,48.484848484848484
bass,46.464646464646464
tell,45.45454545454545
mediocre,45.45454545454545
never,43.43434343434344
bitch,41.41414141414141
fire,40.4040404040404
without,39.39393939393939
less,39.39393939393939
stay,39.39393939393939
away,38.38383838383838
hear,38.38383838383838
tonight,37.37373737373738
sky,37.37373737373738
day,36.36363636363637
hate,35.35353535353536
break,35.35353535353536
burn,35.35353535353536
back,35.35353535353536
kids,34.34343434343434
love,34.34343434343434
feet,34.34343434343434
body,34.34343434343434
fall,33.33333333333333
everybody,32.323232323232325
wrong,31.313131313131315
night,31.313131313131315
along,31.313131313131315
problem,31.313131313131315
ra,30.303030303030305
place,29.292929292929294
find,29.292929292929294
big,29.292929292929294
light,29.292929292929294
like,29.292929292929294
bitches,29.292929292929294
want,28.28282828282828
gotta,28.28282828282828
two,28.28282828282828
cool,28.28282828282828
us,28.28282828282828
getting,28.28282828282828
life,27.27272727272727
happy,27.27272727272727
dance,27.27272727272727
really,26.262626262626267
stop,26.262626262626267
mind,25.252525252525253
things,25.252525252525253
story,25.252525252525253
came,24.242424242424242
show,24.242424242424242
close,24.242424242424242
home,24.242424242424242
cold,23.232323232323232
start,23.232323232323232
nigga,23.232323232323232
baby,23.232323232323232
wanna,22.22222222222222
hit,22.22222222222222
runs,21.21212121212121
crazy,21.21212121212121
trying,21.21212121212121
song,21.21212121212121
might,21.21212121212121
map,20.2020202020202
think,20.2020202020202
eyes,20.2020202020202
butt,20.2020202020202
crying,20.2020202020202
lose,20.2020202020202
better,19.19191919191919
holding,19.19191919191919
roll,19.19191919191919
care,19.19191919191919
'em,19.19191919191919
stars,19.19191919191919
forget,19.19191919191919
lie,19.19191919191919
made,19.19191919191919
hide,18.181818181818183
right,18.181818181818183
fake,18.181818181818183
fuck,18.181818181818183
hoes,18.181818181818183
mean,18.181818181818183
ahead,18.181818181818183
part,18.181818181818183
words,18.181818181818183
nno,17.17171717171717
fly,17.17171717171717
dark,17.17171717171717
ain't,17.17171717171717
ass,17.17171717171717
faded,17.17171717171717
truth,17.17171717171717
contigo,16.161616161616163
ms,16.161616161616163
another,16.161616161616163
top,16.161616161616163
three,16.161616161616163
treble,16.161616161616163
clouds,16.161616161616163
going,16.161616161616163
broken,16.161616161616163
low,16.161616161616163
dirty,16.161616161616163
anything,16.161616161616163
perfect,16.161616161616163
puedo,16.161616161616163
sleep,15.151515151515152
ever,15.151515151515152
free,15.151515151515152
liquor,15.151515151515152
air,15.151515151515152
save,15.151515151515152
dreams,15.151515151515152
'bout,15.151515151515152
leads,15.151515151515152
counting,15.151515151515152
em,15.151515151515152
gon',15.151515151515152
always,15.151515151515152
done,15.151515151515152
game,15.151515151515152
run,15.151515151515152
let,15.151515151515152
hands,15.151515151515152
bed,15.151515151515152
beat,15.151515151515152
side,14.14141414141414
blue,14.14141414141414
hand,14.14141414141414
na,14.14141414141414
falling,14.14141414141414
alone,14.14141414141414
fast,14.14141414141414
wake,14.14141414141414
road,14.14141414141414
burning,14.14141414141414
sun,14.14141414141414
hard,14.14141414141414
fine,14.14141414141414
fun,14.14141414141414
long,14.14141414141414
booty,14.14141414141414
drink,14.14141414141414
lights,13.131313131313133
room,13.131313131313133
seem,13.131313131313133
mouth,13.131313131313133
head,13.131313131313133
anaconda,13.131313131313133
didn't,13.131313131313133
pair,13.131313131313133
slow,13.131313131313133
running,13.131313131313133
act,13.131313131313133
far,13.131313131313133
full,13.131313131313133
broke,13.131313131313133
days,13.131313131313133
you've,13.131313131313133
drunk,13.131313131313133
move,13.131313131313133
lost,13.131313131313133
hoe,12.121212121212121
though,12.121212121212121
said,12.121212121212121
gave,12.121212121212121
name,12.121212121212121
radioactive,12.121212121212121
shot,12.121212121212121
can't,12.121212121212121
comes,12.121212121212121
knows,12.121212121212121
plane,12.121212121212121
believe,12.121212121212121
demons,12.121212121212121
wouldn't,12.121212121212121
wings,12.121212121212121
fucking,12.121212121212121
age,12.121212121212121
try,12.121212121212121
won't,12.121212121212121
party,12.121212121212121
ball,12.121212121212121
thought,12.121212121212121
happiness,12.121212121212121
cake,12.121212121212121
friends,12.121212121212121
rule,12.121212121212121
shower,11.11111111111111
loyal,11.11111111111111
brave,11.11111111111111
birthday,11.11111111111111
still,11.11111111111111
open,11.11111111111111
bright,11.11111111111111
wonder,11.11111111111111
thinking,11.11111111111111
real,11.11111111111111
fat,11.11111111111111
nana,11.11111111111111
rude,11.11111111111111
straight,11.11111111111111
ready,11.11111111111111
timber,11.11111111111111
rich,11.11111111111111
ride,11.11111111111111
hold,10.1010101010101
sitting,10.1010101010101
mini,10.1010101010101
mine,10.1010101010101
there's,10.1010101010101
much,10.1010101010101
losing,10.1010101010101
time,10.1010101010101
none,10.1010101010101
round,10.1010101010101
roof,10.1010101010101
caught,10.1010101010101
drive,10.1010101010101
morning,10.1010101010101
breath,10.1010101010101
different,10.1010101010101
gone,10.1010101010101
walls,10.1010101010101
'round,10.1010101010101
storm,10.1010101010101
nothin',10.1010101010101
reach,10.1010101010101
nothing,10.1010101010101
cover,10.1010101010101
hoping,10.1010101010101
trippin',10.1010101010101
walk,10.1010101010101
roads,10.1010101010101
studio,9.090909090909092
type,9.090909090909092
work,9.090909090909092
saying,9.090909090909092
speak,9.090909090909092
voice,9.090909090909092
people,9.090909090909092
match,9.090909090909092
adore,9.090909090909092
memory,9.090909090909092
niggas,9.090909090909092
soul,9.090909090909092
truck,9.090909090909092
space,9.090909090909092
city,9.090909090909092
2,9.090909090909092
aint,9.090909090909092
gosh,9.090909090909092
brother,9.090909090909092
dirt,9.090909090909092
dont,9.090909090909092
kind,9.090909090909092
nights,9.090909090909092
river,9.090909090909092
dumb,9.090909090909092
prayin',9.090909090909092
boys,9.090909090909092
lessons,9.090909090909092
kick,9.090909090909092
,8.080808080808081
ground,8.080808080808081
lay,8.080808080808081
friend,8.080808080808081
apart,8.080808080808081
bottom,8.080808080808081
dollars,8.080808080808081
music,8.080808080808081
floor,8.080808080808081
says,8.080808080808081
boy,8.080808080808081
purp,8.080808080808081
block,8.080808080808081
el,8.080808080808081
one,8.080808080808081
y'all,8.080808080808081
money,8.080808080808081
blow,8.080808080808081
smile,8.080808080808081
strong,8.080808080808081
town,8.080808080808081
latching,8.080808080808081
house,8.080808080808081
beginnin',8.080808080808081
darling,8.080808080808081
ask,8.080808080808081
youre,8.080808080808081
clear,8.080808080808081
learnt,8.080808080808081
last,8.080808080808081
whoa,8.080808080808081
shades,8.080808080808081
babe,8.080808080808081
pour,8.080808080808081
control,8.080808080808081
skirt,8.080808080808081
lines,8.080808080808081
mmhhmm,8.080808080808081
darkest,8.080808080808081
almost,8.080808080808081
wreck,8.080808080808081
ladadaa,8.080808080808081
ladadae,8.080808080808081
lifestyle,8.080808080808081
swear,8.080808080808081
tongue,8.080808080808081
pussy,8.080808080808081
kinda,8.080808080808081
hanging,7.07070707070707
second,7.07070707070707
told,7.07070707070707
sweater,7.07070707070707
hurt,7.07070707070707
worst,7.07070707070707
fit,7.07070707070707
luck,7.07070707070707
wanted,7.07070707070707
starts,7.07070707070707
kingdom,7.07070707070707
matter,7.07070707070707
lifeahahahahahife,7.07070707070707
radio,7.07070707070707
resist,7.07070707070707
weird,7.07070707070707
haters,7.07070707070707
stuck,7.07070707070707
bartender,7.07070707070707
team,7.07070707070707
loving,7.07070707070707
midnight,7.07070707070707
get,7.07070707070707
celebrate,7.07070707070707
seat,7.07070707070707
jeans,7.07070707070707
worry,7.07070707070707
past,7.07070707070707
eye,7.07070707070707
dream,7.07070707070707
older,7.07070707070707
wiser,7.07070707070707
noche,7.07070707070707
lane,7.07070707070707
she's,7.07070707070707
drinking,7.07070707070707
leaving,7.07070707070707
roar,7.07070707070707
kiss,7.07070707070707
times,7.07070707070707
lot,7.07070707070707
stronger,7.07070707070707
dope,7.07070707070707
chance,7.07070707070707
changed,6.0606060606060606
light's,6.0606060606060606
phone,6.0606060606060606
honey,6.0606060606060606
mess,6.0606060606060606
loud,6.0606060606060606
naughty,6.0606060606060606
girls,6.0606060606060606
flame,6.0606060606060606
seen,6.0606060606060606
snow,6.0606060606060606
panties,6.0606060606060606
sayin',6.0606060606060606
bad,6.0606060606060606
toes,6.0606060606060606
onto,6.0606060606060606
seven,6.0606060606060606
shame,6.0606060606060606
other's,6.0606060606060606
kid,6.0606060606060606
dear,6.0606060606060606
daddy,6.0606060606060606
rollin',6.0606060606060606
felt,6.0606060606060606
quick,6.0606060606060606
change,6.0606060606060606
till,6.0606060606060606
may,6.0606060606060606
remember,6.0606060606060606
buns,6.0606060606060606
rock,6.0606060606060606
tried,6.0606060606060606
monster,6.0606060606060606
optimist,6.0606060606060606
sure,6.0606060606060606
forever,6.0606060606060606
dick,6.0606060606060606
jumped,6.0606060606060606
hurts,6.0606060606060606
spark,6.0606060606060606
someone,6.0606060606060606
kill,6.0606060606060606
moon,6.0606060606060606
royals,6.0606060606060606
throw,6.0606060606060606
follow,6.0606060606060606
pick,6.0606060606060606
door,6.0606060606060606
late,6.0606060606060606
bigger,6.0606060606060606
lipstick,6.0606060606060606
fancy,6.0606060606060606
dust,6.0606060606060606
boca,6.0606060606060606
set,6.0606060606060606
attention,6.0606060606060606
whole,6.0606060606060606
sweet,6.0606060606060606
champion,6.0606060606060606
gas,6.0606060606060606
else,6.0606060606060606
kissing,6.0606060606060606
ruler,6.0606060606060606
cut,6.0606060606060606
couple,6.0606060606060606
bit,6.0606060606060606
line,6.0606060606060606
land,6.0606060606060606
standing,6.0606060606060606
next,6.0606060606060606
anywhere,6.0606060606060606
loca,6.0606060606060606
lock,6.0606060606060606
sex,6.0606060606060606
bring,6.0606060606060606
meant,6.0606060606060606
youll,6.0606060606060606
job,6.0606060606060606
taking,6.0606060606060606
should've,6.0606060606060606
count,6.0606060606060606
smoke,5.05050505050505
livin',5.05050505050505
homie,5.05050505050505
bang,5.05050505050505
whip,5.05050505050505
wasted,5.05050505050505
palace,5.05050505050505
queen,5.05050505050505
nasty,5.05050505050505
best,5.05050505050505
nature,5.05050505050505
country,5.05050505050505
lookin,5.05050505050505
aim,5.05050505050505
human,5.05050505050505
escape,5.05050505050505
yellin',5.05050505050505
beating,5.05050505050505
whats,5.05050505050505
fight,5.05050505050505
shit,5.05050505050505
fell,5.05050505050505
die,5.05050505050505
goes,5.05050505050505
car,5.05050505050505
figure,5.05050505050505
'til,5.05050505050505
stupid,5.05050505050505
lookin',5.05050505050505
hun,5.05050505050505
mountain,5.05050505050505
voices,5.05050505050505
wind,5.05050505050505
diamonds,5.05050505050505
killing,5.05050505050505
trip,5.05050505050505
rest,5.05050505050505
seems,5.05050505050505
read,5.05050505050505
clap,5.05050505050505
ah,5.05050505050505
shoulders,5.05050505050505
together,5.05050505050505
fill,5.05050505050505
tu,5.05050505050505
sand,5.05050505050505
fence,5.05050505050505
hell,5.05050505050505
style,5.05050505050505
walked,5.05050505050505
7,5.05050505050505
beginning,5.05050505050505
hundred,5.05050505050505
hotel,5.05050505050505
double,5.05050505050505
check,5.05050505050505
build,5.05050505050505
pretty,5.05050505050505
missin',5.05050505050505
knees,5.05050505050505
flight,5.05050505050505
used,5.05050505050505
spend,5.05050505050505
letting,5.05050505050505
cup,5.05050505050505
mirror,5.05050505050505
fuckin',5.05050505050505
shine,5.05050505050505
wrecking,5.05050505050505
holes,5.05050505050505
waking,5.05050505050505
noise,5.05050505050505
bird,5.05050505050505
high,5.05050505050505
bones,5.05050505050505
la,5.05050505050505
winning,5.05050505050505
shut,5.05050505050505
you'll,5.05050505050505
skinny,5.05050505050505
grab,5.05050505050505
takin',5.05050505050505
'till,5.05050505050505
upon,5.05050505050505
bottoms,5.05050505050505
alive,5.05050505050505
hair,5.05050505050505
sister,5.05050505050505
tailgate,5.05050505050505
understand,5.05050505050505
worth,4.040404040404041
school,4.040404040404041
daughter,4.040404040404041
warm,4.040404040404041
shoot,4.040404040404041
collide,4.040404040404041
went,4.040404040404041
driving,4.040404040404041
trumpets,4.040404040404041
esta,4.040404040404041
talking,4.040404040404041
circles,4.040404040404041
bound,4.040404040404041
10,4.040404040404041
covering,4.040404040404041
disco,4.040404040404041
reload,4.040404040404041
ears,4.040404040404041
mud,4.040404040404041
players,4.040404040404041
corazn,4.040404040404041
tide,4.040404040404041
played,4.040404040404041
everybody's,4.040404040404041
hang,4.040404040404041
kept,4.040404040404041
hills,4.040404040404041
born,4.040404040404041
guess,4.040404040404041
everything,4.040404040404041
puffin',4.040404040404041
whiskey,4.040404040404041
palm,4.040404040404041
exist,4.040404040404041
push,4.040404040404041
choice,4.040404040404041
trouble,4.040404040404041
guy,4.040404040404041
drinks,4.040404040404041
thirty,4.040404040404041
blowin,4.040404040404041
fallin',4.040404040404041
live,4.040404040404041
ooh,4.040404040404041
troubles,4.040404040404041
wont,4.040404040404041
bajando,4.040404040404041
million,4.040404040404041
underwear,4.040404040404041
ring,4.040404040404041
plastic,4.040404040404041
huh,4.040404040404041
turned,4.040404040404041
say,4.040404040404041
saw,4.040404040404041
sat,4.040404040404041
pain,4.040404040404041
true,4.040404040404041
asleep,4.040404040404041
estar,4.040404040404041
cities,4.040404040404041
quiet,4.040404040404041
sound,4.040404040404041
embrace,4.040404040404041
pay,4.040404040404041
listenin',4.040404040404041
lady,4.040404040404041
drums,4.040404040404041
besar,4.040404040404041
tight,4.040404040404041
enough,4.040404040404041
wasn't,4.040404040404041
deep,4.040404040404041
teeth,4.040404040404041
moonlight,4.040404040404041
streets,4.040404040404041
darkness,4.040404040404041
keeping,4.040404040404041
breaking,4.040404040404041
blood,4.040404040404041
soon,4.040404040404041
held,4.040404040404041
messed,4.040404040404041
weight,4.040404040404041
planes,4.040404040404041
you'd,4.040404040404041
park,4.040404040404041
booth,4.040404040404041
dancing,4.040404040404041
couch,4.040404040404041
finding,4.040404040404041
windows,4.040404040404041
koozie,4.040404040404041
feels,4.040404040404041
enemy,4.040404040404041
wrote,4.040404040404041
arm,4.040404040404041
missing,4.040404040404041
blazed,4.040404040404041
empty,4.040404040404041
what's,4.040404040404041
frozen,4.040404040404041
leaning,4.040404040404041
dime,4.040404040404041
early,4.040404040404041
word,4.040404040404041
jazzy,4.040404040404041
step,4.040404040404041
within,4.040404040404041
offblack,4.040404040404041
makin',4.040404040404041
raising,4.040404040404041
partition,4.040404040404041
single,4.040404040404041
peace,4.040404040404041
orbit,4.040404040404041
shackled,4.040404040404041
blaze,4.040404040404041
wave,4.040404040404041
telling,4.040404040404041
magic,4.040404040404041
picket,4.040404040404041
singing,4.040404040404041
meet,4.040404040404041
choose,4.040404040404041
front,4.040404040404041
beginner,4.040404040404041
cause,4.040404040404041
bite,4.040404040404041
shorty,4.040404040404041
that'll,4.040404040404041
neck,4.040404040404041
bee,4.040404040404041
lover,4.040404040404041
looked,4.040404040404041
brain,4.040404040404041
keg,4.040404040404041
va,4.040404040404041
gets,4.040404040404041
beast,4.040404040404041
pedal,4.040404040404041
dressed,4.040404040404041
partner,4.040404040404041
web,4.040404040404041
quiero,4.040404040404041
field,4.040404040404041
sweat,4.040404040404041
volume,4.040404040404041
woke,4.040404040404041
minutes,4.040404040404041
percent,4.040404040404041
stunt,4.040404040404041
saves,3.0303030303030303
four,3.0303030303030303
buzz,3.0303030303030303
aren't,3.0303030303030303
county,3.0303030303030303
arms,3.0303030303030303
sexy,3.0303030303030303
must,3.0303030303030303
beach,3.0303030303030303
lap,3.0303030303030303
arrow,3.0303030303030303
we'd,3.0303030303030303
fuckin,3.0303030303030303
crawl,3.0303030303030303
tree,3.0303030303030303
lion,3.0303030303030303
circled,3.0303030303030303
flow,3.0303030303030303
dog,3.0303030303030303
tequila,3.0303030303030303
de,3.0303030303030303
da,3.0303030303030303
undressed,3.0303030303030303
finger,3.0303030303030303
blasted,3.0303030303030303
trust,3.0303030303030303
dots,3.0303030303030303
worked,3.0303030303030303
disappear,3.0303030303030303
bottles,3.0303030303030303
beside,3.0303030303030303
hearts,3.0303030303030303
jean,3.0303030303030303
yes,3.0303030303030303
tattooed,3.0303030303030303
rushing,3.0303030303030303
elm,3.0303030303030303
bands,3.0303030303030303
shoulder,3.0303030303030303
brought,3.0303030303030303
gift,3.0303030303030303
hung,3.0303030303030303
ice,3.0303030303030303
asking,3.0303030303030303
bold,3.0303030303030303
post,3.0303030303030303
heat,3.0303030303030303
promises,3.0303030303030303
proud,3.0303030303030303
test,3.0303030303030303
realize,3.0303030303030303
rolling,3.0303030303030303
brown,3.0303030303030303
couches,3.0303030303030303
gun,3.0303030303030303
hooray,3.0303030303030303
makeup,3.0303030303030303
teenage,3.0303030303030303
fakers,3.0303030303030303
working,3.0303030303030303
making,3.0303030303030303
heard,3.0303030303030303
pink,3.0303030303030303
write,3.0303030303030303
wiggle,3.0303030303030303
se,3.0303030303030303
breezin',3.0303030303030303
window,3.0303030303030303
half,3.0303030303030303
en,3.0303030303030303
eh,3.0303030303030303
ey,3.0303030303030303
happen,3.0303030303030303
shouldn't,3.0303030303030303
catchin',3.0303030303030303
language,3.0303030303030303
tangled,3.0303030303030303
size,3.0303030303030303
streetlight,3.0303030303030303
bruh,3.0303030303030303
eyed,3.0303030303030303
blurred,3.0303030303030303
track,3.0303030303030303
later,3.0303030303030303
crashing,3.0303030303030303
stain,3.0303030303030303
naked,3.0303030303030303
screen,3.0303030303030303
wants,3.0303030303030303
tiger,3.0303030303030303
pilot,3.0303030303030303
cash,3.0303030303030303
ratchet,3.0303030303030303
middle,3.0303030303030303
return,3.0303030303030303
week,3.0303030303030303
pourin',3.0303030303030303
weed,3.0303030303030303
edges,3.0303030303030303
bottle,3.0303030303030303
dare,3.0303030303030303
clay,3.0303030303030303
memories,3.0303030303030303
stand,3.0303030303030303
dreamin',3.0303030303030303
explaining,3.0303030303030303
rage,3.0303030303030303
hella,3.0303030303030303
5,3.0303030303030303
fresh,3.0303030303030303
swerving,3.0303030303030303
condition,3.0303030303030303
buzzin',3.0303030303030303
family,3.0303030303030303
put,3.0303030303030303
6,3.0303030303030303
strollin',3.0303030303030303
stick,3.0303030303030303
known,3.0303030303030303
comin',3.0303030303030303
playin',3.0303030303030303
coming,3.0303030303030303
milehigh,3.0303030303030303
shade,3.0303030303030303
playing,3.0303030303030303
that's,3.0303030303030303
help,3.0303030303030303
bout,3.0303030303030303
yo,3.0303030303030303
whoaoaoh,3.0303030303030303
fantasy,3.0303030303030303
horse,3.0303030303030303
houses,3.0303030303030303
reason,3.0303030303030303
clique,3.0303030303030303
needing,3.0303030303030303
heartbeat,3.0303030303030303
feel,3.0303030303030303
jet,3.0303030303030303
paint,3.0303030303030303
king,3.0303030303030303
grew,3.0303030303030303
toe,3.0303030303030303
lit,3.0303030303030303
lying,3.0303030303030303
gold,3.0303030303030303
cry,3.0303030303030303
art,3.0303030303030303
please,3.0303030303030303
peeled,3.0303030303030303
whatever,3.0303030303030303
rockin',3.0303030303030303
dropping,3.0303030303030303
amnesia,3.0303030303030303
rocking,3.0303030303030303
forgetting,3.0303030303030303
moment,3.0303030303030303
atcha,3.0303030303030303
knock,3.0303030303030303
luxe,3.0303030303030303
either,3.0303030303030303
works,3.0303030303030303
blowin',3.0303030303030303
doubt,3.0303030303030303
summertime,3.0303030303030303
suit,3.0303030303030303
fades,3.0303030303030303
rally,3.0303030303030303
rains,3.0303030303030303
nice,3.0303030303030303
fighter,3.0303030303030303
graining,3.0303030303030303
breathing,3.0303030303030303
race,3.0303030303030303
following,3.0303030303030303
imperfections,3.0303030303030303
great,3.0303030303030303
involved,3.0303030303030303
waitin',3.0303030303030303
makes,3.0303030303030303
cloud,3.0303030303030303
lottery,3.0303030303030303
singin',3.0303030303030303
lame,3.0303030303030303
blessings,3.0303030303030303
animal,3.0303030303030303
somethin',3.0303030303030303
sit,3.0303030303030303
horny,3.0303030303030303
dad,3.0303030303030303
cage,3.0303030303030303
beneath,3.0303030303030303
doin',3.0303030303030303
4th,3.0303030303030303
system,3.0303030303030303
curves,3.0303030303030303
hiphop,3.0303030303030303
affair,3.0303030303030303
fear,3.0303030303030303
calling,3.0303030303030303
widow,3.0303030303030303
closed,3.0303030303030303
symphonies,3.0303030303030303
ruins,3.0303030303030303
tumbling,3.0303030303030303
inch,3.0303030303030303
plowed,3.0303030303030303
tone,3.0303030303030303
loving's,3.0303030303030303
wet,3.0303030303030303
happens,3.0303030303030303
ripped,3.0303030303030303
blouse,3.0303030303030303
promise,3.0303030303030303
crave,3.0303030303030303
killin',3.0303030303030303
bus,3.0303030303030303
places,3.0303030303030303
45,3.0303030303030303
cruisin',2.0202020202020203
swag,2.0202020202020203
otra,2.0202020202020203
homes,2.0202020202020203
clothes,2.0202020202020203
shining,2.0202020202020203
fingers,2.0202020202020203
new,2.0202020202020203
dry,2.0202020202020203
leaves,2.0202020202020203
bra,2.0202020202020203
would,2.0202020202020203
passport,2.0202020202020203
ma,2.0202020202020203
mm,2.0202020202020203
mo,2.0202020202020203
end,2.0202020202020203
frontin',2.0202020202020203
law,2.0202020202020203
shirt,2.0202020202020203
head's,2.0202020202020203
waitress,2.0202020202020203
keeps,2.0202020202020203
greed,2.0202020202020203
deck,2.0202020202020203
oven,2.0202020202020203
screaming,2.0202020202020203
writing,2.0202020202020203
weeks,2.0202020202020203
silver,2.0202020202020203
wheel,2.0202020202020203
innocent,2.0202020202020203
24s,2.0202020202020203
dawn,2.0202020202020203
cameras,2.0202020202020203
sparkle,2.0202020202020203
heavenly,2.0202020202020203
got,2.0202020202020203
you're,2.0202020202020203
domesticate,2.0202020202020203
fantasa,2.0202020202020203
thick,2.0202020202020203
twisted,2.0202020202020203
ceiling,2.0202020202020203
chest,2.0202020202020203
anatoma,2.0202020202020203
gowns,2.0202020202020203
thunder,2.0202020202020203
fsica,2.0202020202020203
knuckle,2.0202020202020203
wedding,2.0202020202020203
bar,2.0202020202020203
steam,2.0202020202020203
blew,2.0202020202020203
stamps,2.0202020202020203
boss,2.0202020202020203
kitchen,2.0202020202020203
planned,2.0202020202020203
asked,2.0202020202020203
pose,2.0202020202020203
vain,2.0202020202020203
flames,2.0202020202020203
bathroom,2.0202020202020203
catch,2.0202020202020203
chill,2.0202020202020203
near,2.0202020202020203
suppose,2.0202020202020203
make,2.0202020202020203
silly,2.0202020202020203
showing,2.0202020202020203
trashin',2.0202020202020203
tho,2.0202020202020203
she'll,2.0202020202020203
prison,2.0202020202020203
hat,2.0202020202020203
casually,2.0202020202020203
wanting,2.0202020202020203
judge,2.0202020202020203
amor,2.0202020202020203
old,2.0202020202020203
nothing's,2.0202020202020203
invoice,2.0202020202020203
months,2.0202020202020203
islands,2.0202020202020203
nerve,2.0202020202020203
raised,2.0202020202020203
lied,2.0202020202020203
war,2.0202020202020203
deaf,2.0202020202020203
heal,2.0202020202020203
breathe,2.0202020202020203
diamond,2.0202020202020203
mold,2.0202020202020203
dealer,2.0202020202020203
tip,2.0202020202020203
handed,2.0202020202020203
til,2.0202020202020203
papers,2.0202020202020203
holdin',2.0202020202020203
rob,2.0202020202020203
skin,2.0202020202020203
stays,2.0202020202020203
minute,2.0202020202020203
margarita,2.0202020202020203
settle,2.0202020202020203
yall,2.0202020202020203
appeal,2.0202020202020203
water,2.0202020202020203
box,2.0202020202020203
rediscover,2.0202020202020203
wondering,2.0202020202020203
club,2.0202020202020203
drown,2.0202020202020203
everywhere,2.0202020202020203
blinds,2.0202020202020203
cat,2.0202020202020203
tinted,2.0202020202020203
staying,2.0202020202020203
stripes,2.0202020202020203
pulled,2.0202020202020203
he's,2.0202020202020203
moms,2.0202020202020203
wishin',2.0202020202020203
clutch,2.0202020202020203
drop,2.0202020202020203
mouths,2.0202020202020203
shows,2.0202020202020203
worries,2.0202020202020203
heartbeat's,2.0202020202020203
honest,2.0202020202020203
view,2.0202020202020203
sheep,2.0202020202020203
breed,2.0202020202020203
hug,2.0202020202020203
boyfriend,2.0202020202020203
wide,2.0202020202020203
cards,2.0202020202020203
marijuana,2.0202020202020203
jewels,2.0202020202020203
nota,2.0202020202020203
begin,2.0202020202020203
paid,2.0202020202020203
sheets,2.0202020202020203
walking,2.0202020202020203
aceleran,2.0202020202020203
pump,2.0202020202020203
dull,2.0202020202020203
tears,2.0202020202020203
cannot,2.0202020202020203
timepiece,2.0202020202020203
leather,2.0202020202020203
goin',2.0202020202020203
vision,2.0202020202020203
behind,2.0202020202020203
across,2.0202020202020203
spokes,2.0202020202020203
many,2.0202020202020203
color,2.0202020202020203
pop,2.0202020202020203
couldn't,2.0202020202020203
classic,2.0202020202020203
rhymes,2.0202020202020203
purse,2.0202020202020203
heels,2.0202020202020203
speech,2.0202020202020203
oil,2.0202020202020203
weave,2.0202020202020203
bodies,2.0202020202020203
touch,2.0202020202020203
death,2.0202020202020203
flashing,2.0202020202020203
skies,2.0202020202020203
fucked,2.0202020202020203
kills,2.0202020202020203
por,2.0202020202020203
listening,2.0202020202020203
mob,2.0202020202020203
thinkin',2.0202020202020203
thighs,2.0202020202020203
doll,2.0202020202020203
knife,2.0202020202020203
stone,2.0202020202020203
youd,2.0202020202020203
dreaming,2.0202020202020203
stare,2.0202020202020203
colder,2.0202020202020203
bubble,2.0202020202020203
rust,2.0202020202020203
planets,2.0202020202020203
trash,2.0202020202020203
cuerpo,2.0202020202020203
bullets,2.0202020202020203
saved,2.0202020202020203
dollar,2.0202020202020203
fuego,2.0202020202020203
tail,2.0202020202020203
program,2.0202020202020203
te,2.0202020202020203
ticket,2.0202020202020203
heaven,2.0202020202020203
laying,2.0202020202020203
small,2.0202020202020203
pass,2.0202020202020203
cigars,2.0202020202020203
stood,2.0202020202020203
clock,2.0202020202020203
subiendo,2.0202020202020203
guns,2.0202020202020203
motherfucker,2.0202020202020203
hours,2.0202020202020203
selective,2.0202020202020203
point,2.0202020202020203
tryna,2.0202020202020203
excuse,2.0202020202020203
grill,2.0202020202020203
vogues,2.0202020202020203
dress,2.0202020202020203
huge,2.0202020202020203
plans,2.0202020202020203
sandwich,2.0202020202020203
okay,2.0202020202020203
dentro,2.0202020202020203
stains,2.0202020202020203
already,2.0202020202020203
roots,2.0202020202020203
20,2.0202020202020203
pray,2.0202020202020203
fool,2.0202020202020203
somebody,2.0202020202020203
found,2.0202020202020203
everyone,2.0202020202020203
leave,2.0202020202020203
tremenda,2.0202020202020203
saturando,2.0202020202020203
threat,2.0202020202020203
apocalypse,2.0202020202020203
cerveza,2.0202020202020203
miss,2.0202020202020203
moan,2.0202020202020203
automobile,2.0202020202020203
leash,2.0202020202020203
mama,2.0202020202020203
supposed,2.0202020202020203
outta,2.0202020202020203
swung,2.0202020202020203
latidos,2.0202020202020203
backseat,2.0202020202020203
fella,2.0202020202020203
plan,2.0202020202020203
liberate,2.0202020202020203
meloda,2.0202020202020203
dimensin,2.0202020202020203
flights,2.0202020202020203
trees,2.0202020202020203
hype,2.0202020202020203
pictures,2.0202020202020203
woo,2.0202020202020203
probably,2.0202020202020203
llenando,2.0202020202020203
knowing,2.0202020202020203
silicone,2.0202020202020203
patty,2.0202020202020203
decline,2.0202020202020203
raise,2.0202020202020203
verse,2.0202020202020203
filosofa,2.0202020202020203
grills,2.0202020202020203
pack,2.0202020202020203
grip,2.0202020202020203
chase,2.0202020202020203
funny,2.0202020202020203
fate,2.0202020202020203
anymore,2.0202020202020203
fatty,2.0202020202020203
keys,2.0202020202020203
qumica,2.0202020202020203
stack,2.0202020202020203
anybody,2.0202020202020203
y,2.0202020202020203
yah,2.0202020202020203
win,2.0202020202020203
tiring,2.0202020202020203
ignore,2.0202020202020203
collect,2.0202020202020203
stylish,2.0202020202020203
simmer,2.0202020202020203
silence,2.0202020202020203
lesson,2.0202020202020203
question,2.0202020202020203
we're,2.0202020202020203
sounds,2.0202020202020203
nah,2.0202020202020203
brushing,2.0202020202020203
draw,2.0202020202020203
meals,2.0202020202020203
she'd,2.0202020202020203
carrying,2.0202020202020203
receive,2.0202020202020203
go,2.0202020202020203
glows,2.0202020202020203
send,2.0202020202020203
fatal,2.0202020202020203
wipe,2.0202020202020203
miras,2.0202020202020203
ham,2.0202020202020203
boots,2.0202020202020203
fold,2.0202020202020203
giving,2.0202020202020203
led,2.0202020202020203
cabeza,2.0202020202020203
sins,2.0202020202020203
maker,2.0202020202020203
thats,2.0202020202020203
named,2.0202020202020203
tigers,2.0202020202020203
started,2.0202020202020203
confused,2.0202020202020203
train,2.0202020202020203
animals,2.0202020202020203
picture,2.0202020202020203
thirsty,2.0202020202020203
boney,2.0202020202020203
slip,2.0202020202020203
delay,2.0202020202020203
bothered,2.0202020202020203
looks,2.0202020202020203
underwater,2.0202020202020203
outer,2.0202020202020203
linings,2.0202020202020203
blazing,2.0202020202020203
red,2.0202020202020203
que,2.0202020202020203
poppin',2.0202020202020203
spill,2.0202020202020203
doesn't,2.0202020202020203
checking,2.0202020202020203
loved,2.0202020202020203
bet,2.0202020202020203
vaco,2.0202020202020203
vaca,2.0202020202020203
afraid,2.0202020202020203
mil,2.0202020202020203
mic,2.0202020202020203
class,2.0202020202020203
sippin',2.0202020202020203
jab,2.0202020202020203
wishing,2.0202020202020203
ones,2.0202020202020203
mnage,2.0202020202020203
shaping,2.0202020202020203
endless,2.0202020202020203
cuts,2.0202020202020203
bought,2.0202020202020203
staring,2.0202020202020203
limits,2.0202020202020203
drug,2.0202020202020203
admit,2.0202020202020203
passing,2.0202020202020203
respect,2.0202020202020203
waste,2.0202020202020203
yesterdays,2.0202020202020203
painted,2.0202020202020203
rubble,2.0202020202020203
kicks,2.0202020202020203
wood,2.0202020202020203
swinging,2.0202020202020203
shooting,2.0202020202020203
balloon,2.0202020202020203
sisters,2.0202020202020203
surfboard,2.0202020202020203
shotgun,2.0202020202020203
batteries,2.0202020202020203
mistakes,2.0202020202020203
balloons,2.0202020202020203
enloqueciendo,2.0202020202020203
become,2.0202020202020203
rave,2.0202020202020203
shes,2.0202020202020203
gettin',2.0202020202020203
grinding,2.0202020202020203
chains,2.0202020202020203
blowing,2.0202020202020203
paper,2.0202020202020203
song's,2.0202020202020203
coke,2.0202020202020203
kisses,2.0202020202020203
ink,2.0202020202020203
kissed,2.0202020202020203
girl,2.0202020202020203
spell,2.0202020202020203
boom,2.0202020202020203
sick,2.0202020202020203
skatin',2.0202020202020203
repeat,2.0202020202020203
star,2.0202020202020203
pardon,1.0101010101010102
yellow,1.0101010101010102
mansion,1.0101010101010102
appetite,1.0101010101010102
yonder,1.0101010101010102
feeding,1.0101010101010102
paris,1.0101010101010102
mcs,1.0101010101010102
halfsteppin',1.0101010101010102
lord,1.0101010101010102
sorry,1.0101010101010102
fists,1.0101010101010102
rise,1.0101010101010102
smack,1.0101010101010102
every,1.0101010101010102
jack,1.0101010101010102
confetti,1.0101010101010102
bringing,1.0101010101010102
tickets,1.0101010101010102
feedin',1.0101010101010102
prize,1.0101010101010102
tambin,1.0101010101010102
announced,1.0101010101010102
oooh,1.0101010101010102
mothafuck,1.0101010101010102
graces,1.0101010101010102
jeff,1.0101010101010102
jamaica,1.0101010101010102
force,1.0101010101010102
tired,1.0101010101010102
horn,1.0101010101010102
tires,1.0101010101010102
conjuring,1.0101010101010102
louder,1.0101010101010102
levitate,1.0101010101010102
even,1.0101010101010102
drippin,1.0101010101010102
bringin',1.0101010101010102
kicked,1.0101010101010102
hero,1.0101010101010102
deadbeat,1.0101010101010102
men,1.0101010101010102
stared,1.0101010101010102
drew,1.0101010101010102
met,1.0101010101010102
active,1.0101010101010102
path,1.0101010101010102
ignoring,1.0101010101010102
taped,1.0101010101010102
i'd,1.0101010101010102
surely,1.0101010101010102
i'm,1.0101010101010102
theres,1.0101010101010102
settled,1.0101010101010102
fantastic,1.0101010101010102
wassup,1.0101010101010102
g's,1.0101010101010102
doormat,1.0101010101010102
cheats,1.0101010101010102
5's,1.0101010101010102
cocaine,1.0101010101010102
rubrubbing,1.0101010101010102
army,1.0101010101010102
coins,1.0101010101010102
steering,1.0101010101010102
cali,1.0101010101010102
call,1.0101010101010102
strike,1.0101010101010102
nyquil,1.0101010101010102
coffins,1.0101010101010102
holy,1.0101010101010102
muse,1.0101010101010102
warn,1.0101010101010102
loose,1.0101010101010102
dukes,1.0101010101010102
punchin',1.0101010101010102
95,1.0101010101010102
mc,1.0101010101010102
mi,1.0101010101010102
breakfast,1.0101010101010102
theories,1.0101010101010102
movies,1.0101010101010102
nanananlanlalala,1.0101010101010102
give,1.0101010101010102
crystallizes,1.0101010101010102
stressing,1.0101010101010102
aaah,1.0101010101010102
keep,1.0101010101010102
guarantee,1.0101010101010102
motion,1.0101010101010102
hoo,1.0101010101010102
travel,1.0101010101010102
rasta,1.0101010101010102
feature,1.0101010101010102
hoh,1.0101010101010102
hot,1.0101010101010102
hop,1.0101010101010102
rewind,1.0101010101010102
answer,1.0101010101010102
pizza,1.0101010101010102
fever,1.0101010101010102
beauty,1.0101010101010102
cadillac,1.0101010101010102
stressin',1.0101010101010102
chump,1.0101010101010102
president,1.0101010101010102
sentir,1.0101010101010102
third,1.0101010101010102
wins,1.0101010101010102
backwoods,1.0101010101010102
baggage,1.0101010101010102
green,1.0101010101010102
goodbye,1.0101010101010102
order,1.0101010101010102
wine,1.0101010101010102
mestopholes,1.0101010101010102
dreamed,1.0101010101010102
using,1.0101010101010102
london,1.0101010101010102
medusa,1.0101010101010102
somewhere,1.0101010101010102
backpack,1.0101010101010102
fillin',1.0101010101010102
fade,1.0101010101010102
vents,1.0101010101010102
band,1.0101010101010102
lento,1.0101010101010102
respiracin,1.0101010101010102
payback,1.0101010101010102
d'uss,1.0101010101010102
bank,1.0101010101010102
bread,1.0101010101010102
shadows,1.0101010101010102
courtside,1.0101010101010102
l,1.0101010101010102
detroit,1.0101010101010102
diggity,1.0101010101010102
conflict,1.0101010101010102
addicted,1.0101010101010102
bone,1.0101010101010102
turnin',1.0101010101010102
series,1.0101010101010102
bruce,1.0101010101010102
forgot,1.0101010101010102
aids,1.0101010101010102
saturday,1.0101010101010102
stunting,1.0101010101010102
won,1.0101010101010102
pussies,1.0101010101010102
god,1.0101010101010102
whoosh,1.0101010101010102
forty,1.0101010101010102
george,1.0101010101010102
strangers,1.0101010101010102
laid,1.0101010101010102
cris,1.0101010101010102
water's,1.0101010101010102
sliding,1.0101010101010102
turning,1.0101010101010102
bailar,1.0101010101010102
struggle,1.0101010101010102
aisle,1.0101010101010102
ate,1.0101010101010102
stuntin',1.0101010101010102
maniac,1.0101010101010102
mcqueen,1.0101010101010102
local,1.0101010101010102
coupe,1.0101010101010102
cadillacs,1.0101010101010102
slidin',1.0101010101010102
steroids,1.0101010101010102
toupee,1.0101010101010102
wash,1.0101010101010102
spinning,1.0101010101010102
floors,1.0101010101010102
disappearing,1.0101010101010102
sober,1.0101010101010102
toy,1.0101010101010102
ten,1.0101010101010102
heights,1.0101010101010102
needed,1.0101010101010102
olde,1.0101010101010102
thoughts,1.0101010101010102
tom,1.0101010101010102
jeter,1.0101010101010102
gilbert,1.0101010101010102
legs,1.0101010101010102
dogs,1.0101010101010102
listen,1.0101010101010102
solemnly,1.0101010101010102
centered,1.0101010101010102
tool,1.0101010101010102
took,1.0101010101010102
trippy,1.0101010101010102
nirvana,1.0101010101010102
toot,1.0101010101010102
repping,1.0101010101010102
scarborough,1.0101010101010102
sun'll,1.0101010101010102
distance,1.0101010101010102
showed,1.0101010101010102
coward,1.0101010101010102
rolex,1.0101010101010102
seater,1.0101010101010102
tres,1.0101010101010102
feeling,1.0101010101010102
fashion,1.0101010101010102
seep,1.0101010101010102
spent,1.0101010101010102
rap,1.0101010101010102
forgive,1.0101010101010102
balling,1.0101010101010102
derek,1.0101010101010102
grips,1.0101010101010102
exactly,1.0101010101010102
rappers,1.0101010101010102
talkin',1.0101010101010102
regular,1.0101010101010102
competing,1.0101010101010102
alabama,1.0101010101010102
grave,1.0101010101010102
llllove,1.0101010101010102
incomplete,1.0101010101010102
doa,1.0101010101010102
freeway,1.0101010101010102
dos,1.0101010101010102
scream,1.0101010101010102
knock*,1.0101010101010102
bomb,1.0101010101010102
bonnie,1.0101010101010102
ending,1.0101010101010102
methaphors,1.0101010101010102
chandelier,1.0101010101010102
icicles,1.0101010101010102
lethal,1.0101010101010102
earth,1.0101010101010102
toast,1.0101010101010102
finally,1.0101010101010102
spillin',1.0101010101010102
explain,1.0101010101010102
ocd,1.0101010101010102
sugar,1.0101010101010102
bush,1.0101010101010102
touched,1.0101010101010102
bailando,1.0101010101010102
gangsta,1.0101010101010102
maybach,1.0101010101010102
dj,1.0101010101010102
watch,1.0101010101010102
watermelon,1.0101010101010102
chanel,1.0101010101010102
hello,1.0101010101010102
shots,1.0101010101010102
release,1.0101010101010102
wannabe,1.0101010101010102
enchant,1.0101010101010102
cadenas,1.0101010101010102
fair,1.0101010101010102
goodnight,1.0101010101010102
fail,1.0101010101010102
pickin',1.0101010101010102
hammer,1.0101010101010102
brazil,1.0101010101010102
capone,1.0101010101010102
temptation,1.0101010101010102
lots,1.0101010101010102
rings,1.0101010101010102
yet,1.0101010101010102
lupe,1.0101010101010102
harvard,1.0101010101010102
devout,1.0101010101010102
news,1.0101010101010102
debt,1.0101010101010102
bras,1.0101010101010102
goddess,1.0101010101010102
ill,1.0101010101010102
matrimony,1.0101010101010102
shiny,1.0101010101010102
amazing,1.0101010101010102
con,1.0101010101010102
tough,1.0101010101010102
trunk,1.0101010101010102
blonde,1.0101010101010102
'nother,1.0101010101010102
noreaga,1.0101010101010102
hay,1.0101010101010102
shoulda,1.0101010101010102
stadium,1.0101010101010102
chillin',1.0101010101010102
cuckoo,1.0101010101010102
deeper,1.0101010101010102
spit,1.0101010101010102
drugs,1.0101010101010102
bettin',1.0101010101010102
sunshine,1.0101010101010102
lift,1.0101010101010102
slap,1.0101010101010102
spin,1.0101010101010102
letletlet's,1.0101010101010102
ugly,1.0101010101010102
cracked,1.0101010101010102
k,1.0101010101010102
mistake,1.0101010101010102
spawn,1.0101010101010102
ix,1.0101010101010102
cant,1.0101010101010102
dizzy,1.0101010101010102
im,1.0101010101010102
beachin',1.0101010101010102
seattle,1.0101010101010102
mouse,1.0101010101010102
id,1.0101010101010102
overstated,1.0101010101010102
soldier,1.0101010101010102
amount,1.0101010101010102
rollie,1.0101010101010102
haiti,1.0101010101010102
split,1.0101010101010102
babies,1.0101010101010102
hank,1.0101010101010102
meets,1.0101010101010102
flashin',1.0101010101010102
rain,1.0101010101010102
jealous,1.0101010101010102
tune,1.0101010101010102
dre,1.0101010101010102
humble,1.0101010101010102
drip,1.0101010101010102
qualities,1.0101010101010102
tha,1.0101010101010102
left,1.0101010101010102
yea,1.0101010101010102
verses,1.0101010101010102
facts,1.0101010101010102
vices,1.0101010101010102
hah,1.0101010101010102
palms,1.0101010101010102
cherry,1.0101010101010102
performin',1.0101010101010102
straw,1.0101010101010102
shout,1.0101010101010102
retreat,1.0101010101010102
easy,1.0101010101010102
caps,1.0101010101010102
background,1.0101010101010102
shadow,1.0101010101010102
3030,1.0101010101010102
theyre,1.0101010101010102
remind,1.0101010101010102
steps,1.0101010101010102
security,1.0101010101010102
overslept,1.0101010101010102
squander,1.0101010101010102
crown,1.0101010101010102
somehow,1.0101010101010102
dead,1.0101010101010102
enemies,1.0101010101010102
purple,1.0101010101010102
'fore,1.0101010101010102
icy,1.0101010101010102
shakes,1.0101010101010102
corn,1.0101010101010102
disappeared,1.0101010101010102
super,1.0101010101010102
decatur,1.0101010101010102
ferraris,1.0101010101010102
dj's,1.0101010101010102
shards,1.0101010101010102
o,1.0101010101010102
birdman,1.0101010101010102
afternoon,1.0101010101010102
presence,1.0101010101010102
honeymoon,1.0101010101010102
sol,1.0101010101010102
bath,1.0101010101010102
complaints,1.0101010101010102
sube,1.0101010101010102
magazines,1.0101010101010102
stumble,1.0101010101010102
insideofyou,1.0101010101010102
flying,1.0101010101010102
sunlight,1.0101010101010102
boy's,1.0101010101010102
greatness,1.0101010101010102
jane,1.0101010101010102
tints,1.0101010101010102
form,1.0101010101010102
gorgeous,1.0101010101010102
deny,1.0101010101010102
ford,1.0101010101010102
mirada,1.0101010101010102
dddddon't,1.0101010101010102
223,1.0101010101010102
222,1.0101010101010102
portions,1.0101010101010102
invincible,1.0101010101010102
inside,1.0101010101010102
mtv,1.0101010101010102
bargain,1.0101010101010102
devices,1.0101010101010102
inclusive,1.0101010101010102
toss,1.0101010101010102
howling,1.0101010101010102
jupiter,1.0101010101010102
holla,1.0101010101010102
confusing,1.0101010101010102
eternity,1.0101010101010102
reggae,1.0101010101010102
brothers,1.0101010101010102
sling,1.0101010101010102
paribu,1.0101010101010102
surprise,1.0101010101010102
geezer,1.0101010101010102
let's,1.0101010101010102
award,1.0101010101010102
died,1.0101010101010102
jacked,1.0101010101010102
99,1.0101010101010102
longer,1.0101010101010102
dyin',1.0101010101010102
glass,1.0101010101010102
sendin,1.0101010101010102
hellbound,1.0101010101010102
jacket,1.0101010101010102
biggity,1.0101010101010102
beamer,1.0101010101010102
songs,1.0101010101010102
gown,1.0101010101010102
biatch,1.0101010101010102
stinging,1.0101010101010102
chair,1.0101010101010102
'i'm,1.0101010101010102
dundddundundddundun,1.0101010101010102
92,1.0101010101010102
grape,1.0101010101010102
flash,1.0101010101010102
charge,1.0101010101010102
stunna,1.0101010101010102
rhythm,1.0101010101010102
we've,1.0101010101010102
exalted,1.0101010101010102
breasteses,1.0101010101010102
blast,1.0101010101010102
discovered,1.0101010101010102
limes,1.0101010101010102
tear,1.0101010101010102
posts,1.0101010101010102
handprints,1.0101010101010102
woven,1.0101010101010102
it'll,1.0101010101010102
ville,1.0101010101010102
we'll,1.0101010101010102
gasoline,1.0101010101010102
prediction,1.0101010101010102
d,1.0101010101010102
rough,1.0101010101010102
penetrated,1.0101010101010102
barbie,1.0101010101010102
nine,1.0101010101010102
filled,1.0101010101010102
illegally,1.0101010101010102
weezy,1.0101010101010102
sweeter,1.0101010101010102
slaying,1.0101010101010102
ridin,1.0101010101010102
address,1.0101010101010102
teacher,1.0101010101010102
wait,1.0101010101010102
sharks,1.0101010101010102
healthy,1.0101010101010102
bow,1.0101010101010102
anybody's,1.0101010101010102
boo,1.0101010101010102
motherfucking,1.0101010101010102
marked,1.0101010101010102
keeper,1.0101010101010102
hotels,1.0101010101010102
russell,1.0101010101010102
aye,1.0101010101010102
dude,1.0101010101010102
vivir,1.0101010101010102
growin',1.0101010101010102
believing,1.0101010101010102
swagger,1.0101010101010102
angels,1.0101010101010102
today,1.0101010101010102
smudged,1.0101010101010102
altar,1.0101010101010102
clue,1.0101010101010102
oop,1.0101010101010102
riding,1.0101010101010102
cases,1.0101010101010102
rumpelstiltskin,1.0101010101010102
workin',1.0101010101010102
pretend,1.0101010101010102
flu,1.0101010101010102
conceal,1.0101010101010102
sour,1.0101010101010102
wonderin',1.0101010101010102
panamera,1.0101010101010102
growing,1.0101010101010102
lovin',1.0101010101010102
relaying,1.0101010101010102
downfall,1.0101010101010102
awesome,1.0101010101010102
groovin',1.0101010101010102
pond,1.0101010101010102
offense,1.0101010101010102
stole,1.0101010101010102
winter,1.0101010101010102
watching,1.0101010101010102
freezer,1.0101010101010102
sunday,1.0101010101010102
goosebumps,1.0101010101010102
designer,1.0101010101010102
dive,1.0101010101010102
diva,1.0101010101010102
bonfires,1.0101010101010102
mac,1.0101010101010102
mae,1.0101010101010102
mad,1.0101010101010102
date,1.0101010101010102
iggy,1.0101010101010102
suck,1.0101010101010102
dahmer,1.0101010101010102
filthy,1.0101010101010102
grow,1.0101010101010102
man,1.0101010101010102
surfing,1.0101010101010102
whenever,1.0101010101010102
maybe,1.0101010101010102
preacher,1.0101010101010102
iggz,1.0101010101010102
corona,1.0101010101010102
q,1.0101010101010102
switch,1.0101010101010102
cute,1.0101010101010102
serving,1.0101010101010102
nuts,1.0101010101010102
years,1.0101010101010102
fangs,1.0101010101010102
course,1.0101010101010102
bucking,1.0101010101010102
shake,1.0101010101010102
kanye,1.0101010101010102
rooftop,1.0101010101010102
attraction,1.0101010101010102
thump,1.0101010101010102
happened,1.0101010101010102
lonely,1.0101010101010102
3,1.0101010101010102
conversations,1.0101010101010102
feelin,1.0101010101010102
conquer,1.0101010101010102
killed,1.0101010101010102
yawnin',1.0101010101010102
lies,1.0101010101010102
countryass,1.0101010101010102
possibilities,1.0101010101010102
cyrus,1.0101010101010102
yeah,1.0101010101010102
goose,1.0101010101010102
replay,1.0101010101010102
ex,1.0101010101010102
year,1.0101010101010102
dripped,1.0101010101010102
es,1.0101010101010102
living,1.0101010101010102
astray,1.0101010101010102
rolls,1.0101010101010102
looking,1.0101010101010102
irona,1.0101010101010102
flurries,1.0101010101010102
flyee,1.0101010101010102
thong,1.0101010101010102
cars,1.0101010101010102
pumping,1.0101010101010102
quite,1.0101010101010102
california,1.0101010101010102
tocarte,1.0101010101010102
keith,1.0101010101010102
card,1.0101010101010102
rikers,1.0101010101010102
advance,1.0101010101010102
curtain's,1.0101010101010102
turn,1.0101010101010102
swing,1.0101010101010102
first,1.0101010101010102
blind,1.0101010101010102
tennis,1.0101010101010102
xm,1.0101010101010102
m's,1.0101010101010102
drove,1.0101010101010102
tomorrow,1.0101010101010102
anyone,1.0101010101010102
draft,1.0101010101010102
white,1.0101010101010102
west,1.0101010101010102
speaking,1.0101010101010102
gives,1.0101010101010102
i'mma,1.0101010101010102
foreplay,1.0101010101010102
released,1.0101010101010102
here's,1.0101010101010102
11,1.0101010101010102
12,1.0101010101010102
14,1.0101010101010102
karats,1.0101010101010102
future,1.0101010101010102
college,1.0101010101010102
wandering,1.0101010101010102
damned,1.0101010101010102
lebron's,1.0101010101010102
tasted,1.0101010101010102
angel,1.0101010101010102
pro,1.0101010101010102
bennie,1.0101010101010102
woah,1.0101010101010102
slam,1.0101010101010102
rent,1.0101010101010102
turner,1.0101010101010102
snorting,1.0101010101010102
speakers,1.0101010101010102
nittos,1.0101010101010102
whoo,1.0101010101010102
note,1.0101010101010102
take,1.0101010101010102
upside,1.0101010101010102
blunt,1.0101010101010102
switching,1.0101010101010102
jungle,1.0101010101010102
butterfly,1.0101010101010102
knew,1.0101010101010102
clearer,1.0101010101010102
knee,1.0101010101010102
ymcmb,1.0101010101010102
queens,1.0101010101010102
ferrari,1.0101010101010102
dolor,1.0101010101010102
uncle,1.0101010101010102
shop,1.0101010101010102
cheat,1.0101010101010102
mama's,1.0101010101010102
peaches,1.0101010101010102
estoy,1.0101010101010102
daniel's,1.0101010101010102
corner,1.0101010101010102
boundaries,1.0101010101010102
oohoh,1.0101010101010102
dice,1.0101010101010102
saints,1.0101010101010102
black,1.0101010101010102
wooh,1.0101010101010102
bridge,1.0101010101010102
hiss,1.0101010101010102
mission,1.0101010101010102
lighter,1.0101010101010102
dye,1.0101010101010102
reveal,1.0101010101010102
ducking,1.0101010101010102
borrow,1.0101010101010102
could've,1.0101010101010102
silencio,1.0101010101010102
miley,1.0101010101010102
flamingos,1.0101010101010102
learn,1.0101010101010102
eavesdropping,1.0101010101010102
sleeves,1.0101010101010102
gangster,1.0101010101010102
calendar,1.0101010101010102
ways,1.0101010101010102
weapons,1.0101010101010102
fourletter,1.0101010101010102
whipped,1.0101010101010102
wouldve,1.0101010101010102
kool,1.0101010101010102
tus,1.0101010101010102
cheap,1.0101010101010102
blame,1.0101010101010102
parkin',1.0101010101010102
coma,1.0101010101010102
tub,1.0101010101010102
come,1.0101010101010102
warhol,1.0101010101010102
dates,1.0101010101010102
weaving,1.0101010101010102
flipped,1.0101010101010102
tour,1.0101010101010102
mane,1.0101010101010102
stretched,1.0101010101010102
polo,1.0101010101010102
freak,1.0101010101010102
crew,1.0101010101010102
boat,1.0101010101010102
capable,1.0101010101010102
toothpaste,1.0101010101010102
vacation,1.0101010101010102
mark,1.0101010101010102
mary,1.0101010101010102
direction,1.0101010101010102
lanes,1.0101010101010102
thousand,1.0101010101010102
quatro,1.0101010101010102
careful,1.0101010101010102
trick,1.0101010101010102
roughing,1.0101010101010102
ive,1.0101010101010102
troy,1.0101010101010102
vanvonderen,1.0101010101010102
rubbing,1.0101010101010102
mixtape,1.0101010101010102
sleeping,1.0101010101010102
pinky,1.0101010101010102
stewardess,1.0101010101010102
floating,1.0101010101010102
sippin,1.0101010101010102
fractals,1.0101010101010102
nail,1.0101010101010102
spiraling,1.0101010101010102
bermuda,1.0101010101010102
motherfuckin,1.0101010101010102
straitjacket,1.0101010101010102
barbed,1.0101010101010102
cupid's,1.0101010101010102
driver,1.0101010101010102
smilin,1.0101010101010102
wired,1.0101010101010102
intended,1.0101010101010102
footprint,1.0101010101010102
changing,1.0101010101010102
daytona,1.0101010101010102
vacant,1.0101010101010102
magical,1.0101010101010102
genie,1.0101010101010102
model,1.0101010101010102
eiffel's,1.0101010101010102
murda,1.0101010101010102
summer,1.0101010101010102
realest,1.0101010101010102
guided,1.0101010101010102
risking,1.0101010101010102
fiftyleven,1.0101010101010102
guides,1.0101010101010102
halfway,1.0101010101010102
rose,1.0101010101010102
everyone's,1.0101010101010102
lightnin',1.0101010101010102
lets,1.0101010101010102
laughin',1.0101010101010102
pill,1.0101010101010102
scorin',1.0101010101010102
traffic,1.0101010101010102
exfoliated,1.0101010101010102
towel,1.0101010101010102
stranger,1.0101010101010102
shrink,1.0101010101010102
gimme,1.0101010101010102
hallelujah,1.0101010101010102
tower,1.0101010101010102
twelve,1.0101010101010102
pusha,1.0101010101010102
table,1.0101010101010102
matching,1.0101010101010102
gross,1.0101010101010102
outs,1.0101010101010102
mood,1.0101010101010102
tote,1.0101010101010102
ashes,1.0101010101010102
epiphanies,1.0101010101010102
o'clock,1.0101010101010102
billboard,1.0101010101010102
dies,1.0101010101010102
willie,1.0101010101010102
pussy's,1.0101010101010102
hustle,1.0101010101010102
welcome,1.0101010101010102
power,1.0101010101010102
kyoto,1.0101010101010102
sprung,1.0101010101010102
olor,1.0101010101010102
innocence,1.0101010101010102
aphrodite,1.0101010101010102
ace,1.0101010101010102
oh,1.0101010101010102
og,1.0101010101010102
cares,1.0101010101010102
favorite,1.0101010101010102
drink's,1.0101010101010102
wolf,1.0101010101010102
mixed,1.0101010101010102
quietly,1.0101010101010102
choppers,1.0101010101010102
spreading,1.0101010101010102
blessed,1.0101010101010102
uptown,1.0101010101010102
tryin',1.0101010101010102
yous,1.0101010101010102
buyin',1.0101010101010102
intervention,1.0101010101010102
loc,1.0101010101010102
phone's,1.0101010101010102
hes,1.0101010101010102
hey,1.0101010101010102
lounging,1.0101010101010102
how'd,1.0101010101010102
mondays,1.0101010101010102
treat,1.0101010101010102
burnin',1.0101010101010102
amongst,1.0101010101010102
yayo,1.0101010101010102
abused,1.0101010101010102
pull,1.0101010101010102
spilled,1.0101010101010102
rags,1.0101010101010102
expect,1.0101010101010102
taste,1.0101010101010102
describe,1.0101010101010102
moved,1.0101010101010102
tshirt,1.0101010101010102
walks,1.0101010101010102
ay,1.0101010101010102
bob,1.0101010101010102
moves,1.0101010101010102
operation,1.0101010101010102
film,1.0101010101010102
stumbled,1.0101010101010102
idiot,1.0101010101010102
beyonc,1.0101010101010102
yogi,1.0101010101010102
roses,1.0101010101010102
spinnin',1.0101010101010102
shelter,1.0101010101010102
drift,1.0101010101010102
beats',1.0101010101010102
slang,1.0101010101010102
wife,1.0101010101010102
life's,1.0101010101010102
groom,1.0101010101010102
curve,1.0101010101010102
seatback,1.0101010101010102
alright,1.0101010101010102
deluxe,1.0101010101010102
oral,1.0101010101010102
liar,1.0101010101010102
sittin',1.0101010101010102
lack,1.0101010101010102
children,1.0101010101010102
habla,1.0101010101010102
imma,1.0101010101010102
baddest,1.0101010101010102
layin',1.0101010101010102
misses,1.0101010101010102
trigga,1.0101010101010102
returned,1.0101010101010102
detention,1.0101010101010102
bibby,1.0101010101010102
yodelodelayheehoo,1.0101010101010102
sons,1.0101010101010102
tatted,1.0101010101010102
decide,1.0101010101010102
swirling,1.0101010101010102
highway,1.0101010101010102
liars,1.0101010101010102
balmain,1.0101010101010102
dddon't,1.0101010101010102
i'll,1.0101010101010102
dunk,1.0101010101010102
instagram,1.0101010101010102
zero,1.0101010101010102
lawyer,1.0101010101010102
casual,1.0101010101010102
learned,1.0101010101010102
everlasting,1.0101010101010102
hungover,1.0101010101010102
mula,1.0101010101010102
answers,1.0101010101010102
civilians,1.0101010101010102
backlash,1.0101010101010102
thrift,1.0101010101010102
vegetarian,1.0101010101010102
drawers,1.0101010101010102
airport,1.0101010101010102
action,1.0101010101010102
racin',1.0101010101010102
weirder,1.0101010101010102
depart,1.0101010101010102
palabras,1.0101010101010102
strolling,1.0101010101010102
clapping,1.0101010101010102
revelled,1.0101010101010102
aimed,1.0101010101010102
corta,1.0101010101010102
armed,1.0101010101010102
iglesias,1.0101010101010102
'yac,1.0101010101010102
latchin',1.0101010101010102
steinbrenner,1.0101010101010102
taken,1.0101010101010102
brow,1.0101010101010102
horses,1.0101010101010102
miro,1.0101010101010102
flag,1.0101010101010102
mixtape's,1.0101010101010102
nono,1.0101010101010102
nina,1.0101010101010102
mall,1.0101010101010102
del,1.0101010101010102
dem,1.0101010101010102
v,1.0101010101010102
knocked,1.0101010101010102
history,1.0101010101010102
beautiful,1.0101010101010102
compare,1.0101010101010102
scan,1.0101010101010102
veinte,1.0101010101010102
'97,1.0101010101010102
ironic,1.0101010101010102
'94,1.0101010101010102
numbers,1.0101010101010102
guitar,1.0101010101010102
phrase,1.0101010101010102
goal,1.0101010101010102
rather,1.0101010101010102
fame,1.0101010101010102
automatic,1.0101010101010102
sacred,1.0101010101010102
simplicity,1.0101010101010102
plant,1.0101010101010102
abrazarte,1.0101010101010102
countryside,1.0101010101010102
cancun,1.0101010101010102
minds,1.0101010101010102
sloppy,1.0101010101010102
fm,1.0101010101010102
'cross,1.0101010101010102
refuse,1.0101010101010102
mothafuckin',1.0101010101010102
that'd,1.0101010101010102
bizness,1.0101010101010102
anytime,1.0101010101010102
ego,1.0101010101010102
dread,1.0101010101010102
comatose,1.0101010101010102
photoshop,1.0101010101010102
jordans,1.0101010101010102
don't,1.0101010101010102
trade,1.0101010101010102
attitude,1.0101010101010102
brim,1.0101010101010102
signs,1.0101010101010102
smiling,1.0101010101010102
23,1.0101010101010102
28,1.0101010101010102
rounds,1.0101010101010102
hounds,1.0101010101010102
systems,1.0101010101010102
haven't,1.0101010101010102
ye,1.0101010101010102
mystery,1.0101010101010102
slicker,1.0101010101010102
sundays,1.0101010101010102
intervene,1.0101010101010102
drake,1.0101010101010102
ttop,1.0101010101010102
stopped,1.0101010101010102
turns,1.0101010101010102
fairy,1.0101010101010102
trailer,1.0101010101010102
heavy,1.0101010101010102
fish,1.0101010101010102
jeffrey,1.0101010101010102
finish,1.0101010101010102
connect,1.0101010101010102
blues,1.0101010101010102
inflated,1.0101010101010102
perry,1.0101010101010102
since,1.0101010101010102
reverend,1.0101010101010102
acting,1.0101010101010102
hill,1.0101010101010102
print,1.0101010101010102
plotting,1.0101010101010102
salute,1.0101010101010102
friday,1.0101010101010102
mmm,1.0101010101010102
base,1.0101010101010102
ash,1.0101010101010102
english,1.0101010101010102
dip,1.0101010101010102
sicker,1.0101010101010102
american,1.0101010101010102
beggars,1.0101010101010102
daisy,1.0101010101010102
castle,1.0101010101010102
fallen,1.0101010101010102
throws,1.0101010101010102
feed,1.0101010101010102
major,1.0101010101010102
alley,1.0101010101010102
radical,1.0101010101010102
knocking,1.0101010101010102
traveled,1.0101010101010102
revolution,1.0101010101010102
slower,1.0101010101010102
cups,1.0101010101010102
breathless,1.0101010101010102
heads,1.0101010101010102
least,1.0101010101010102
mami,1.0101010101010102
store,1.0101010101010102
bowed,1.0101010101010102
passed,1.0101010101010102
trapped,1.0101010101010102
i'ma,1.0101010101010102
draped,1.0101010101010102
jordan,1.0101010101010102
rifle,1.0101010101010102
bag,1.0101010101010102
answer's,1.0101010101010102
grey,1.0101010101010102
stale,1.0101010101010102
swerve,1.0101010101010102
7a,1.0101010101010102
juicy,1.0101010101010102
sell,1.0101010101010102
wilson,1.0101010101010102
self,1.0101010101010102
snappin',1.0101010101010102
conking,1.0101010101010102
li'l,1.0101010101010102
drowns,1.0101010101010102
brooklyn,1.0101010101010102
'cause,1.0101010101010102
kat,1.0101010101010102
mack,1.0101010101010102
foyer,1.0101010101010102
2for1s,1.0101010101010102
bumping,1.0101010101010102
ke,1.0101010101010102
dancin',1.0101010101010102
sometimes,1.0101010101010102
gin,1.0101010101010102
clean,1.0101010101010102
shoutout,1.0101010101010102
tener,1.0101010101010102
stoned,1.0101010101010102
carefully,1.0101010101010102
scooter,1.0101010101010102
flesh,1.0101010101010102
poppin,1.0101010101010102
public,1.0101010101010102
wayne,1.0101010101010102
fiend,1.0101010101010102
8,1.0101010101010102
cuba,1.0101010101010102
thugger,1.0101010101010102
zapper,1.0101010101010102
famous,1.0101010101010102
b,1.0101010101010102
longest,1.0101010101010102
pretending,1.0101010101010102
international,1.0101010101010102
alexander,1.0101010101010102
motorcycles,1.0101010101010102
evening,1.0101010101010102
tale,1.0101010101010102
knowin',1.0101010101010102
vine,1.0101010101010102
kilos,1.0101010101010102
see,1.0101010101010102
sea,1.0101010101010102
lee,1.0101010101010102
wow,1.0101010101010102
thongs,1.0101010101010102
tappin,1.0101010101010102
nope,1.0101010101010102
monsters,1.0101010101010102
scannin',1.0101010101010102
sold,1.0101010101010102
craters,1.0101010101010102
ike,1.0101010101010102
marilyn,1.0101010101010102
league,1.0101010101010102
c,1.0101010101010102
salga,1.0101010101010102
'neath,1.0101010101010102
wed,1.0101010101010102
paramedic,1.0101010101010102
retarded,1.0101010101010102
messiah,1.0101010101010102
danced,1.0101010101010102
others,1.0101010101010102
smashing,1.0101010101010102
hoarse,1.0101010101010102
church,1.0101010101010102
descemer,1.0101010101010102
expensive,1.0101010101010102
devil,1.0101010101010102
filth,1.0101010101010102
forgettin',1.0101010101010102
damn,1.0101010101010102
leanin',1.0101010101010102
newsweek,1.0101010101010102
4,1.0101010101010102
wimps,1.0101010101010102
lives,1.0101010101010102
whitney,1.0101010101010102
georgia,1.0101010101010102
fur,1.0101010101010102
look,1.0101010101010102
droppin',1.0101010101010102
smart,1.0101010101010102
miles,1.0101010101010102
pound,1.0101010101010102
37,1.0101010101010102
gangstas,1.0101010101010102
rip,1.0101010101010102
rio,1.0101010101010102
movin',1.0101010101010102
limit,1.0101010101010102
arenas,1.0101010101010102
chauffeur,1.0101010101010102
seek,1.0101010101010102
rules,1.0101010101010102
grand,1.0101010101010102
9,1.0101010101010102
ladadee,1.0101010101010102
ruth,1.0101010101010102
daughters,1.0101010101010102
plate,1.0101010101010102
lower,1.0101010101010102
clint,1.0101010101010102
grind,1.0101010101010102
suplico,1.0101010101010102
politely,1.0101010101010102
showin',1.0101010101010102
questions,1.0101010101010102
taiwan,1.0101010101010102
relief,1.0101010101010102
throats,1.0101010101010102
hates,1.0101010101010102
doorbell,1.0101010101010102
fiftythousand,1.0101010101010102
message,1.0101010101010102
brakes,1.0101010101010102
screamin',1.0101010101010102
separated,1.0101010101010102
30k,1.0101010101010102
mighty,1.0101010101010102
candy,1.0101010101010102
sight,1.0101010101010102
pet,1.0101010101010102
shall,1.0101010101010102
reckon,1.0101010101010102
ticking,1.0101010101010102
pee,1.0101010101010102
doin,1.0101010101010102
anna,1.0101010101010102
flavors,1.0101010101010102
rapping,1.0101010101010102
bi,1.0101010101010102
misbehave,1.0101010101010102
nowhere,1.0101010101010102
tripping,1.0101010101010102
tornup,1.0101010101010102
hypnotize,1.0101010101010102
violins,1.0101010101010102
surrender,1.0101010101010102
heartbreakers,1.0101010101010102
seeing,1.0101010101010102
mommy,1.0101010101010102
momma,1.0101010101010102
frames,1.0101010101010102
lebron,1.0101010101010102
brignac,1.0101010101010102
spending,1.0101010101010102
'88,1.0101010101010102
stumblin',1.0101010101010102
poder,1.0101010101010102
invite,1.0101010101010102
inches,1.0101010101010102
hoped,1.0101010101010102
hail,1.0101010101010102
junior,1.0101010101010102
posted,1.0101010101010102
hush,1.0101010101010102
biggie,1.0101010101010102
spendin',1.0101010101010102
seize,1.0101010101010102
hasn't,1.0101010101010102
foresight,1.0101010101010102
un,1.0101010101010102
uh,1.0101010101010102
groove,1.0101010101010102
called,1.0101010101010102
associated,1.0101010101010102
*knock,1.0101010101010102
town's,1.0101010101010102
ablaze,1.0101010101010102
bear'er,1.0101010101010102
phantom,1.0101010101010102
choosey,1.0101010101010102
lemon,1.0101010101010102
fears,1.0101010101010102
department,1.0101010101010102
mayonnaise,1.0101010101010102
havin',1.0101010101010102
smiles,1.0101010101010102
mustard,1.0101010101010102
smiley,1.0101010101010102
problems,1.0101010101010102
physics,1.0101010101010102
karma,1.0101010101010102
underrated,1.0101010101010102
palpita,1.0101010101010102
mardi,1.0101010101010102
katy,1.0101010101010102
code,1.0101010101010102
jason,1.0101010101010102
hooks,1.0101010101010102
highwaisted,1.0101010101010102
penis,1.0101010101010102
gang,1.0101010101010102
grays,1.0101010101010102
drinkin',1.0101010101010102
seemed,1.0101010101010102
commas,1.0101010101010102
young,1.0101010101010102
exit,1.0101010101010102
sent,1.0101010101010102
brigade,1.0101010101010102
g6,1.0101010101010102
g3,1.0101010101010102
outside,1.0101010101010102
continues,1.0101010101010102
magia,1.0101010101010102
knight,1.0101010101010102
marry,1.0101010101010102
tokyo,1.0101010101010102
michael,1.0101010101010102
kit,1.0101010101010102
phoenix,1.0101010101010102
havent,1.0101010101010102
athlete,1.0101010101010102
dimes,1.0101010101010102
unsatisfied,1.0101010101010102
carter,1.0101010101010102
pushin',1.0101010101010102
aretha,1.0101010101010102
plead,1.0101010101010102
plays,1.0101010101010102
yeaheyeaheyeaheyeaheyeah,1.0101010101010102
man's,1.0101010101010102
waiting,1.0101010101010102
attire,1.0101010101010102
bleedin',1.0101010101010102
sink,1.0101010101010102
cuando,1.0101010101010102
cab,1.0101010101010102
sing,1.0101010101010102
untamed,1.0101010101010102
givin',1.0101010101010102
shovel,1.0101010101010102
claim,1.0101010101010102
duct,1.0101010101010102
presidents,1.0101010101010102
confession,1.0101010101010102
voli,1.0101010101010102
private,1.0101010101010102
limo,1.0101010101010102
use,1.0101010101010102
usa,1.0101010101010102
flat,1.0101010101010102
eleven,1.0101010101010102
camera,1.0101010101010102
coldplay,1.0101010101010102
means,1.0101010101010102
hiding,1.0101010101010102
popped,1.0101010101010102
benz,1.0101010101010102
porch,1.0101010101010102
finery,1.0101010101010102
tearing,1.0101010101010102
women,1.0101010101010102
crosses,1.0101010101010102
salad,1.0101010101010102
f,1.0101010101010102
stations,1.0101010101010102
villain,1.0101010101010102
crossed,1.0101010101010102
thin,1.0101010101010102
praise,1.0101010101010102
drops,1.0101010101010102
coffin,1.0101010101010102
bittersweet,1.0101010101010102
slid,1.0101010101010102
monica,1.0101010101010102
slim,1.0101010101010102
loco,1.0101010101010102
pieces,1.0101010101010102
enrique,1.0101010101010102
tan,1.0101010101010102
exman,1.0101010101010102
sip,1.0101010101010102
vibe,1.0101010101010102
sidewalks,1.0101010101010102
instead,1.0101010101010102
taylors,1.0101010101010102
thugga,1.0101010101010102
cristal,1.0101010101010102
honda,1.0101010101010102
youve,1.0101010101010102
ow,1.0101010101010102
wrist,1.0101010101010102
bluff,1.0101010101010102
racks,1.0101010101010102
autograph,1.0101010101010102
realized,1.0101010101010102
chasing,1.0101010101010102
scoop,1.0101010101010102
civics,1.0101010101010102
honestly,1.0101010101010102
takeaway,1.0101010101010102
necklace,1.0101010101010102
deeply,1.0101010101010102
houston,1.0101010101010102
a/c,1.0101010101010102
waltzed,1.0101010101010102
ladies,1.0101010101010102
cuttin',1.0101010101010102
cruise,1.0101010101010102
galaxy,1.0101010101010102
paths,1.0101010101010102
bedpost,1.0101010101010102
distraction,1.0101010101010102
image,1.0101010101010102
cuss,1.0101010101010102
seatbelt,1.0101010101010102
practice,1.0101010101010102
invitations,1.0101010101010102
mention,1.0101010101010102
jaguar,1.0101010101010102
kindness,1.0101010101010102
sinners,1.0101010101010102
sneezed,1.0101010101010102
slide,1.0101010101010102
encaptured,1.0101010101010102
bills,1.0101010101010102
shaking,1.0101010101010102
dixie,1.0101010101010102
tension,1.0101010101010102
bump,1.0101010101010102
adventure,1.0101010101010102
strip,1.0101010101010102
drumroll,1.0101010101010102
relates,1.0101010101010102
bay,1.0101010101010102
marley,1.0101010101010102
twice,1.0101010101010102
music's,1.0101010101010102
jumpin',1.0101010101010102
venom,1.0101010101010102
messenger,1.0101010101010102
blasting,1.0101010101010102
umbrella,1.0101010101010102
completely,1.0101010101010102
york,1.0101010101010102
bleed,1.0101010101010102
g,1.0101010101010102
steal,1.0101010101010102
lewinskied,1.0101010101010102
conversation,1.0101010101010102
mids,1.0101010101010102
south,1.0101010101010102
yonc,1.0101010101010102
reppin',1.0101010101010102
confuse,1.0101010101010102
scene,1.0101010101010102
jesus,1.0101010101010102
howled,1.0101010101010102
guys,1.0101010101010102
onenight,1.0101010101010102
wrapped,1.0101010101010102
circulate,1.0101010101010102
malibu,1.0101010101010102
shell,1.0101010101010102
stomach,1.0101010101010102
shorts,1.0101010101010102
nobody,1.0101010101010102
chemicals,1.0101010101010102
july,1.0101010101010102
sweatin',1.0101010101010102
isolation,1.0101010101010102
beg,1.0101010101010102
truck's,1.0101010101010102
llevas,1.0101010101010102
orchestrated,1.0101010101010102
loves,1.0101010101010102
dusty,1.0101010101010102
ringer,1.0101010101010102
comfortable,1.0101010101010102
prignon,1.0101010101010102
unbearable,1.0101010101010102
preach,1.0101010101010102
mix,1.0101010101010102
funds,1.0101010101010102
jail,1.0101010101010102
asshole,1.0101010101010102
mileage,1.0101010101010102
unless,1.0101010101010102
where's,1.0101010101010102
visa,1.0101010101010102
eight,1.0101010101010102
cracking,1.0101010101010102
romaine,1.0101010101010102
stereo,1.0101010101010102
actually,1.0101010101010102
face,1.0101010101010102
talk,1.0101010101010102
wooahoahoahoahoh,1.0101010101010102
watchin',1.0101010101010102
text,1.0101010101010102
agreed,1.0101010101010102
flirtin',1.0101010101010102
anyway,1.0101010101010102
postcode,1.0101010101010102
bedroom,1.0101010101010102
gasping,1.0101010101010102
thicker,1.0101010101010102
shoes,1.0101010101010102
envy,1.0101010101010102
pause,1.0101010101010102
comfort,1.0101010101010102
earned,1.0101010101010102
jar,1.0101010101010102
bug,1.0101010101010102
buttons,1.0101010101010102
gravity's,1.0101010101010102
jam,1.0101010101010102
tape,1.0101010101010102
lemme,1.0101010101010102
jag,1.0101010101010102
hope,1.0101010101010102
handle,1.0101010101010102
they're,1.0101010101010102
lucky,1.0101010101010102
120,1.0101010101010102
joint,1.0101010101010102
nnnno,1.0101010101010102
129,1.0101010101010102
smash,1.0101010101010102
champagne,1.0101010101010102
gras,1.0101010101010102
somebody's,1.0101010101010102
mascara,1.0101010101010102
shh,1.0101010101010102
prayers,1.0101010101010102
kickin',1.0101010101010102
clawed,1.0101010101010102
daffodils,1.0101010101010102
closer,1.0101010101010102
wire,1.0101010101010102
pimpin',1.0101010101010102
tend,1.0101010101010102
genius,1.0101010101010102
written,1.0101010101010102
destino,1.0101010101010102
stories,1.0101010101010102
speed,1.0101010101010102
soundtrack's,1.0101010101010102
kicking,1.0101010101010102
pimpin,1.0101010101010102
titties,1.0101010101010102
patrn,1.0101010101010102
swim,1.0101010101010102
journey,1.0101010101010102
cb,1.0101010101010102
trays,1.0101010101010102
quit,1.0101010101010102
it's,1.0101010101010102
tutor,1.0101010101010102
slowly,1.0101010101010102
roller,1.0101010101010102
poet,1.0101010101010102
hottest,1.0101010101010102
it'd,1.0101010101010102
mike,1.0101010101010102
controlled,1.0101010101010102
caddy,1.0101010101010102
hmm,1.0101010101010102
finished,1.0101010101010102
watches,1.0101010101010102
smoking,1.0101010101010102
harder,1.0101010101010102
emotional,1.0101010101010102
fault,1.0101010101010102
nobody's,1.0101010101010102
wayx2,1.0101010101010102
ringing,1.0101010101010102
thus,1.0101010101010102
lust,1.0101010101010102
girlfriend,1.0101010101010102
servin',1.0101010101010102
watched,1.0101010101010102
thug,1.0101010101010102
crash,1.0101010101010102
oldfashioned,1.0101010101010102
una,1.0101010101010102
bernie,1.0101010101010102
ringin',1.0101010101010102
outcast,1.0101010101010102
swingin',1.0101010101010102
collar,1.0101010101010102
slingin',1.0101010101010102
weapon,1.0101010101010102
enamored,1.0101010101010102
well,1.0101010101010102
finds,1.0101010101010102
uno,1.0101010101010102
drawing,1.0101010101010102
coaster,1.0101010101010102
granddad,1.0101010101010102
colours,1.0101010101010102
mistaken,1.0101010101010102
dakota,1.0101010101010102
wee,1.0101010101010102
bell,1.0101010101010102
toppy,1.0101010101010102
clyde,1.0101010101010102
attractive,1.0101010101010102
ohhh,1.0101010101010102
masquerade,1.0101010101010102
hotbox,1.0101010101010102
who's,1.0101010101010102
dryer,1.0101010101010102
press,1.0101010101010102
homeplace,1.0101010101010102
clown,1.0101010101010102
j's,1.0101010101010102
page,1.0101010101010102
armand,1.0101010101010102
murk,1.0101010101010102
scared,1.0101010101010102
searching,1.0101010101010102
liking,1.0101010101010102
est,1.0101010101010102
leaf,1.0101010101010102
lead,1.0101010101010102
preheat,1.0101010101010102
ese,1.0101010101010102
sayonara,1.0101010101010102
twoseater,1.0101010101010102
headlights,1.0101010101010102
schedule,1.0101010101010102
doctors,1.0101010101010102
although,1.0101010101010102
fluorescent,1.0101010101010102
stage,1.0101010101010102
staked,1.0101010101010102
waist,1.0101010101010102
grindin',1.0101010101010102
twerkin',1.0101010101010102
thumping,1.0101010101010102
commitment,1.0101010101010102
square,1.0101010101010102
couldnt,1.0101010101010102
dug,1.0101010101010102
buckle,1.0101010101010102
kidding,1.0101010101010102
trigger,1.0101010101010102
inner,1.0101010101010102
cliff,1.0101010101010102
rca,1.0101010101010102
stirrin',1.0101010101010102
buy,1.0101010101010102
i've,1.0101010101010102
party's,1.0101010101010102
bun,1.0101010101010102
gain,1.0101010101010102
ha,1.0101010101010102
eat,1.0101010101010102
baptist,1.0101010101010102
chained,1.0101010101010102
wish,1.0101010101010102
j,1.0101010101010102
flip,1.0101010101010102
record,1.0101010101010102
levis,1.0101010101010102
pumped,1.0101010101010102
pin,1.0101010101010102
pie,1.0101010101010102
twist,1.0101010101010102
beats,1.0101010101010102
raced,1.0101010101010102
deadly,1.0101010101010102
sleepwalking,1.0101010101010102
ingles,1.0101010101010102
lately,1.0101010101010102
blood's,1.0101010101010102
junk,1.0101010101010102
cuckier,1.0101010101010102
monday,1.0101010101010102
footprints,1.0101010101010102
apparel,1.0101010101010102
cheque,1.0101010101010102
eastwood,1.0101010101010102
goin,1.0101010101010102
ghost,1.0101010101010102
armor,1.0101010101010102
jammin',1.0101010101010102
